index,ETHUSDT,BTCUSDT,SP500,TNX,NSDQ,GOLD
TNX,-0.0043412857,0.057036992,0.26102284,0.5655082,0.3035413,0.34518552
