index,ETHUSDT,BTCUSDT,SP500,TNX,NSDQ,GOLD
GOLD,0.11546424,0.1409963,0.34266913,0.34238258,0.35801402,0.36025274
