index,ETHUSDT,BTCUSDT,SP500,TNX,NSDQ,GOLD
NSDQ,0.29524928,0.32181424,0.36412007,0.29245073,0.4004984,0.34676424
