index,ETHUSDT,BTCUSDT,SP500,TNX,NSDQ,GOLD
SP500,0.21427006,0.2242096,0.34766498,0.2502577,0.36444467,0.33158717
