index,ETHUSDT,BTCUSDT,SP500,TNX,NSDQ,GOLD
BTCUSDT,0.90297866,0.9979379,0.2251334,0.054920558,0.32182884,0.14122583
