index,ETHUSDT,BTCUSDT,SP500,TNX,NSDQ,GOLD
ETHUSDT,0.9973813,0.8987869,0.21250814,-0.006590139,0.2925246,0.11398098
