{"C":{"('bar', 'one')":-0.8671429735,"('bar', 'three')":-0.9173182357,"('bar', 'two')":0.8039329051,"('foo', 'one')":-0.0024474954,"('foo', 'three')":0.2981024751,"('foo', 'two')":-0.7604735395},"D":{"('bar', 'one')":1.3828927795,"('bar', 'three')":-0.2604675799,"('bar', 'two')":-0.4917343455,"('foo', 'one')":0.1742999545,"('foo', 'three')":-1.3540255938,"('foo', 'two')":1.7167122517}}