index,ETHUSDT,BTCUSDT,SP500,TNX,NSDQ,GOLD
BTCUSDT,0.90291345,1.0,0.2215867,0.054143872,0.31875846,0.13843654
