index,ETHUSDT,BTCUSDT,SP500,TNX,NSDQ,GOLD
GOLD,0.113001436,0.13843654,0.9660947,0.8244362,0.95227605,1.0
