index,ETHUSDT,BTCUSDT,SP500,TNX,NSDQ,GOLD
TNX,-0.0064656553,0.054143872,0.71115255,1.0,0.7409018,0.8244362
