index,ETHUSDT,BTCUSDT,SP500,TNX,NSDQ,GOLD
ETHUSDT,1.0,0.90291345,0.21143377,-0.0064656553,0.29191822,0.113001436
