index,ETHUSDT,BTCUSDT,SP500,TNX,NSDQ,GOLD
NSDQ,0.29191822,0.31875846,0.986383,0.7409018,1.0,0.95227605
