index,ETHUSDT,BTCUSDT,SP500,TNX,NSDQ,GOLD
SP500,0.21143377,0.2215867,1.0,0.71115255,0.986383,0.9660947
