index,ret,max_drawdown,std
auto_BTCUSDT,6.641686,0.5287977,1.6639568
auto_ETHUSDT,13.643828,0.5894783,3.3278432
