index,ret,max_drawdown,std
auto_GOLD,1.1945513,0.15119277,0.09776372
auto_TNX,1.2262652,0.66449547,0.5509241
