index,ret,max_drawdown,std
ETHUSDT,4.601473,0.9382554,1.2725179
BTCUSDT,4.4355607,0.8064977,1.1664681
