index,ret,max_drawdown,std
auto_SP500,1.4212879,0.21040197,0.13760199
auto_NSDQ,1.6371133,0.19089727,0.22248794
