index,ret,max_drawdown,std
macd_GOLD,1.2371573,0.12840526,0.12487107
macd_TNX,3.2899237,0.6058452,0.99981487
