index,ret,max_drawdown,std
boll_BTCUSDT,0.45868522,0.7598317,0.13423426
boll_ETHUSDT,0.24426286,0.8852954,0.23749065
